店舗名,住所
ＭｒＭａｘ取手店,茨城県取手市東４丁目５番１号
ＭｒＭａｘ守谷店,茨城県守谷市久保ケ丘２丁目１-１守谷テラス２階
ＭｒＭａｘ倉賀野店,群馬県高崎市倉賀野町４６９１番１号
ＭｒＭａｘ伊勢崎店,群馬県伊勢崎市宮子町３５５６番地１
ＭｒＭａｘ所沢店,埼玉県所沢市東町５-２２
ＭｒＭａｘ南桜井店,埼玉県春日部市大衾４９６-１２
ＭｒＭａｘおゆみ野店,千葉県千葉市緑区おゆみ野中央２丁目３番１
ＭｒＭａｘ千葉美浜店,千葉県千葉市美浜区新港３２番１１号
ＭｒＭａｘ新習志野店,千葉県習志野市茜浜２-２-１
ＭｒＭａｘ町田多摩境店,東京都町田市小山ヶ丘６-１-１０
ＭｒＭａｘ湘南藤沢店,神奈川県藤沢市辻堂新町４丁目３番５号
ＭｒＭａｘ岡山西店,岡山県岡山市北区久米３１０番地１号
ＭｒＭａｘ新神辺店,広島県福山市神辺町川北１５３３フレスポ神辺モール内
ＭｒＭａｘ八本松店,広島県東広島市八本松西一丁目１２番２３号
ＭｒＭａｘ宇部店,山口県宇部市大字東岐波１５６９-１
ＭｒＭａｘ山口店,山口県山口市黒川８２番１
ＭｒＭａｘ末武店,山口県下松市美里町２丁目７番１号
ＭｒＭａｘ柳井店,山口県柳井市駅南１番１１号
ＭｒＭａｘ小倉北店,福岡県北九州市小倉北区西港町９番１６
ＭｒＭａｘ八幡東店,福岡県北九州市八幡東区東田１丁目４番２２号
ＭｒＭａｘ本城店,福岡県北九州市八幡西区本城５丁目１番１号
ＭｒＭａｘ八幡西店,福岡県北九州市八幡西区真名子２丁目４番１号
ＭｒＭａｘ土井店,福岡県福岡市東区青葉７丁目６１番１号
ＭｒＭａｘ吉塚店,福岡県福岡市東区馬出６丁目１番１０号
ＭｒＭａｘＳｅｌｅｃｔ美野島店,福岡県福岡市博多区美野島２丁目５-６
ＭｒＭａｘ長住店,福岡県福岡市南区西長住２丁目２５番２５号
ＭｒＭａｘ姪浜店,福岡県福岡市西区内浜１丁目７-１８
ＭｒＭａｘ橋本店,福岡県福岡市西区橋本１丁目１０番７２号
ＭｒＭａｘＳｅｌｅｃｔ野芥店,福岡県福岡市早良区野芥４丁目４８番３７号
ＭｒＭａｘ大牟田店,福岡県大牟田市馬渡町１番１号
ＭｒＭａｘ久留米インター店,福岡県久留米市御井旗崎１丁目６番５０号
ＭｒＭａｘ飯塚花瀬店,福岡県飯塚市横田５８１番地６号
ＭｒＭａｘ田川バイパス店,福岡県田川市大字川宮１６９９番地３号
ＭｒＭａｘ筑紫野店,福岡県筑紫野市大字原田８３６-２０シュロアモール筑紫野内
ＭｒＭａｘ春日店,福岡県春日市星見ヶ丘４丁目７番地
ＭｒＭａｘ大野城店,福岡県大野城市瓦田５丁目３番１号
ＭｒＭａｘ宗像店,福岡県宗像市石丸３丁目７番１号
ＭｒＭａｘＳｅｌｅｃｔ福津店,福岡県福津市日蒔野４丁目１０-５
ＭｒＭａｘ糸島店,福岡県糸島市高田四丁目１６番１号
ＭｒＭａｘＳｅｌｅｃｔ宇美店,福岡県糟屋郡宇美町桜原３丁目４番１号
ＭｒＭａｘＳｅｌｅｃｔ篠栗店,福岡県糟屋郡篠栗町大字尾仲９９番地１
ＭｒＭａｘ粕屋店,福岡県糟屋郡粕屋町大字仲原２７１４号
ＭｒＭａｘ佐賀店,佐賀県佐賀市巨勢町大字牛島７５０番地モラージュ佐賀内
ＭｒＭａｘ唐津店,佐賀県唐津市鏡３７１６
ＭｒＭａｘ伊万里店,佐賀県伊万里市二里町大里甲１８３２番１
ＭｒＭａｘ北茂安店,佐賀県三養基郡みやき町大字白壁２２２８番
ＭｒＭａｘ長崎店,長崎県長崎市岩見町２６番１号
ＭｒＭａｘ時津店,長崎県西彼杵郡時津町左底郷１８３２-１
ＭｒＭａｘ熊本インター店,熊本県熊本市東区石原１丁目１番１１１号
ＭｒＭａｘ熊本南店,熊本県熊本市南区十禅寺３丁目４番１４号
ＭｒＭａｘ熊本北店,熊本県熊本市北区津浦町３１-２０
ＭｒＭａｘ山鹿店,熊本県山鹿市方保田３４６２番地１号
ＭｒＭａｘ松橋店,熊本県宇城市松橋町豊福１６８３番地１号
ＭｒＭａｘ西大分店,大分県大分市大字生石１４５-４４
ＭｒＭａｘ宇佐店,大分県宇佐市大字法鏡寺５００
ＭｒＭａｘ日向店,宮崎県日向市大字日知屋１４７９８番地１号
