店舗名,住所
ザ・ビッグ東雁来店,北海道札幌市東区東雁来１０条３-１-６
ザ・ビッグエクスプレス栄町店,北海道札幌市東区北４１条東１７-４-１
ザ・ビッグエクスプレスモエレ店,北海道札幌市東区東苗穂１３条２-１２-１
ザ・ビッグエクスプレス白石中央店,北海道札幌市白石区本通２丁目北８-４５
ザ・ビッグ西岡店,北海道札幌市豊平区西岡３条７-２２０
ザ・ビッグ豊平店,北海道札幌市豊平区豊平４条９-３-１
ザ・ビッグ石山店,北海道札幌市南区石山２条９-７-５８
ザ・ビッグエクスプレス前田店,北海道札幌市手稲区前田８条１０-６-２５
ザ・ビッグ緑が丘店,北海道旭川市緑が丘東３条１-３-３９
ザ・ビッグ宮前通店,北海道旭川市宮前１条３-２-５
ザ・ビッグアモール店,北海道旭川市豊岡３条２-２-１９
ザ・ビッグ永山店,北海道旭川市永山５条１９丁目１-４１
ザ・ビッグ鳥取大通店,北海道釧路市鳥取大通９-９-２９
ザ・ビッグ春採店,北海道釧路市春採７-１-４８
ザ・ビッグ文苑店,北海道釧路市文苑２-４８-１１
ザ・ビッグ川北店,北海道釧路市川北町１-３
ザ・ビッグイーストモール店,北海道帯広市東４条南１６丁目６番地
ザ・ビッグ岩見沢店,北海道岩見沢市２条東１２-３-１
ザ・ビッグ江別店,北海道江別市野幌町１０-１
ザ・ビッグ士別店,北海道士別市大通東１８-４６５-３８
ザ・ビッグ浪岡店,青森県青森市浪岡大字浪岡字松島１５
ザ・ビッグ青森東店,青森県青森市矢田前字弥生田４５-１
ザ・ビッグエクスプレス仙台駅東店,宮城県仙台市宮城野区鉄砲町中４-２
ザ・ビッグエクスプレス陸前高砂駅前店,宮城県仙台市宮城野区福室２-６-３５
ザ・ビッグエクスプレス燕沢店,宮城県仙台市宮城野区燕沢一丁目２８-２７
ザ・ビッグ仙台郡山店,宮城県仙台市太白区郡山８-１４-３５
ザ・ビッグ泉大沢店,宮城県仙台市泉区大沢１-５-１
ザ・ビッグ仙台八乙女店,宮城県仙台市泉区松森字後田７-１
ザ・ビッグエクスプレス将監店,宮城県仙台市泉区将監８-１０-１
ザ・ビッグ仙台南光台店,宮城県仙台市泉区南光台南３-２８-１
ザ・ビッグ石巻鹿又店,宮城県石巻市鹿又道的前６０-１
ザ・ビッグ釜大街道店,宮城県石巻市三ツ股二丁目７番５０号
ザ・ビッグ塩釜店,宮城県塩竈市海岸通１５-１００
ザ・ビッグ名取店,宮城県名取市飯野坂３-５-１０
ザ・ビッグ多賀城鶴ヶ谷店,宮城県多賀城市鶴ヶ谷１-３-６
ザ・ビッグ金成店,宮城県栗原市金成小迫荒崎２２
ザ・ビッグ矢本店,宮城県東松島市小松字上浮足４３
ザ・ビッグ古川店,宮城県大崎市古川沢田字筒場浦１５
ザ・ビッグ鹿島台店,宮城県大崎市鹿島台木間塚字小谷地２９５-１
ザ・ビッグ柴田店,宮城県柴田郡柴田町上名生字新大原１９４-１
ザ・ビッグ利府青山店,宮城県宮城郡利府町青山２丁目２番２
ザ・ビッグ新利府店,宮城県宮城郡利府町利府字新屋田前２２
ザ・ビッグ能代高塙店,秋田県能代市高塙１４０-１
ザ・ビッグ能代長崎店,秋田県能代市長崎４１-１
ザ・ビッグ大館西店,秋田県大館市根下戸新町１８-８３
ザ・ビッグ大館南店,秋田県大館市餌釣字前田２００
ザ・ビッグ釈迦内店,秋田県大館市釈迦内字稲荷山下２９４
ザ・ビッグ潟上店,秋田県潟上市飯田川飯塚上堤敷６９-１
ザ・ビッグ大曲飯田店,秋田県大仙市飯田字屋舗通２５７
ザ・ビッグ大曲福田店,秋田県大仙市福田町２２-２３-７
ザ・ビッグたかのす店,秋田県北秋田市栄字中綱３１-１
ザ・ビッグ酒田北店,山形県酒田市泉町２１４
ザ・ビッグ尾花沢店,山形県尾花沢市尾花沢字下新田１７１９
ザ・ビッグ鎌田店,福島県福島市鎌田字熊ノ前３２-１
ザ・ビッグ福島大森店,福島県福島市大森字城ノ内３５-１
ザ・ビッグ喜久田店,福島県郡山市東原１-２１９
ザ・ビッグ郡山店,福島県郡山市松木町２-８８
ザ・ビッグエクスプレス富田店,福島県郡山市富田町字池ノ上３番３号
ザ・ビッグエクスプレス島店,福島県郡山市島一丁目２６-１０
ザ・ビッグ須賀川店,福島県須賀川市仲の町８７
ザ・ビッグ本宮店,福島県本宮市本宮万世２０８
ザ・ビッグエクストラ真岡店,栃木県真岡市台町２６６８
ザ・ビッグエクストラ那須塩原店,栃木県那須塩原市島方４５５
ザ・ビッグエクストラさくら店,栃木県さくら市櫻野１５５１
ザ・ビッグ昭島店,東京都昭島市宮沢町５００-１
ザ・ビッグ相模原東橋本店,神奈川県相模原市緑区東橋本３-１-１
ザ・ビッグ相模原西橋本店,神奈川県相模原市緑区西橋本１-１４-２５
ザ・ビッグ平塚真田店,神奈川県平塚市真田３-２３-１８
ザ・ビッグ小田原寿町,神奈川県小田原市寿町４-１７-１１
ザ・ビッグ厚木旭町店,神奈川県厚木市旭町５-３５-８
ザ・ビッグ二宮店,神奈川県中郡二宮町一色１２０７-１
ザ・ビッグ甲府和戸店,山梨県甲府市和戸町５３９-２
ザ・ビッグ甲府長松寺店,山梨県甲府市長松寺町１３-５
ザ・ビッグ甲府住吉店,山梨県甲府市住吉３-１-１１
ザ・ビッグ富士吉田店,山梨県富士吉田市上吉田東６-１-４０
ザ・ビッグ韮崎店,山梨県韮崎市若宮３-９-２８
ザ・ビッグ櫛形店,山梨県南アルプス市十五所７００-１
ザ・ビッグ白根店,山梨県南アルプス市在家塚５８０
ザ・ビッグ甲西店,山梨県南アルプス市西南湖３４１-２
ザ・ビッグ北杜須玉店,山梨県北杜市須玉町若神子２２５５
ザ・ビッグ甲斐敷島店,山梨県甲斐市大下条９６１-１
ザ・ビッグ石和店,山梨県笛吹市石和町駅前１６-１
ザ・ビッグ笛吹井戸店,山梨県笛吹市石和町井戸１９３-１
ザ・ビッグ山梨中央店,山梨県中央市下河東３０５３-１
ザ・ビッグ長野東店,長野県長野市石渡２２-１
ザ・ビッグ長野三輪店,長野県長野市三輪９-４３-２４
ザ・ビッグ松本村井店,長野県松本市村井町南２-２１-４５
ザ・ビッグ上田中央店,長野県上田市中央５-１３-３１
ザ・ビッグ信濃大町店,長野県大町市大町２９７８-１
ザ・ビッグ茅野店,長野県茅野市米沢３０３
ザ・ビッグ塩尻広丘店,長野県塩尻市広丘高出１７８３-１
ザ・ビッグ佐久インターウェーブ店,長野県佐久市小田井６１３-１
ザ・ビッグ北中込店,長野県佐久市中込３２１１-５
ザ・ビッグ穂高店,長野県安曇野市穂高有明１０３６８-１
ザ・ビッグ三郷店,長野県安曇野市三郷温２７１６-１
ザ・ビッグ山形店,長野県東筑摩郡山形村３６０
ザ・ビッグ信州池田店,長野県北安曇郡池田町会染６４４２-９
ザ・ビッグ白馬店,長野県北安曇郡白馬村北城１００７
ザ・ビッグ美濃店,岐阜県美濃市千畝町２７７６
ザ・ビッグエクストラ各務原鵜沼店,岐阜県各務原市鵜沼西町３-３０９
ザ・ビッグエクストラ山県店,岐阜県山県市高木１３５５
ザ・ビッグエクストラ本巣店,岐阜県本巣市政田字下西浦１９８６番地
ザ・ビッグ岐南店,岐阜県羽島郡岐南町徳田３-１９１-１
ザ・ビッグエクストラ岐阜池田店,岐阜県揖斐郡池田町八幡字東光田１９７２-１
ザ・ビッグ可児御嵩店,岐阜県可児郡御嵩町上恵土９５６
ザ・ビッグ静岡新伝馬店,静岡県静岡市葵区新伝馬３-１-１１
ザ・ビッグ静岡川原店,静岡県静岡市駿河区下川原６-２７-３
ザ・ビッグ静岡登呂店,静岡県静岡市駿河区登呂２-１８-１７
ザ・ビッグ静岡豊田店,静岡県静岡市駿河区豊田３-１-１
ザ・ビッグ静岡新川店,静岡県静岡市駿河区新川２-１０-３６
ザ・ビッグ浜松萩丘店,静岡県浜松市中央区萩丘４-５-１
ザ・ビッグ浜松葵町店,静岡県浜松市中央区葵東２-１６-５
ザ・ビッグ金谷店,静岡県島田市金谷扇町３７７-１
ザ・ビッグ富士荒田島店,静岡県富士市荒田島町１１-８
ザ・ビッグ大東店,静岡県掛川市大坂字鷺田５３９
ザ・ビッグ大須賀店,静岡県掛川市西大渕３３５９
ザ・ビッグ藤枝田沼店,静岡県藤枝市田沼３-７-７
ザ・ビッグ湖西店,静岡県湖西市鷲津字分川３０８５
ザ・ビッグ吉田店,静岡県榛原郡吉田町神戸５６４-１
ザ・ビッグエクスプレス楠店,愛知県名古屋市北区三軒町１４１-１
ザ・ビッグエクスプレス味鋺店,愛知県名古屋市北区中味鋺３-７２７
ザ・ビッグエクスプレス荒子店,愛知県名古屋市中川区吉良町１３８-６
ザ・ビッグエクスプレス五女子店,愛知県名古屋市中川区五女子町２-３２
ザ・ビッグエクスプレス南陽店,愛知県名古屋市港区知多一丁目１１１
ザ・ビッグエクスプレス花ノ木店,愛知県名古屋市守山区小幡南３-２-８
ザ・ビッグエクスプレス平針店,愛知県名古屋市天白区原４-２０６
ザ・ビッグエクスプレス岡崎福岡店,愛知県岡崎市福岡町岩ヶ崎２８
ザ・ビッグエクストラ刈谷店,愛知県刈谷市東境町京和１
ザ・ビッグエクストラ弥富店,愛知県弥富市五明町蒲原１３７１-４
ザ・ビッグ津藤方店,三重県津市藤方９８５-１
ザ・ビッグエクストラ津河芸店,三重県津市河芸町中別保丸垣内１００
ザ・ビッグ芸濃店,三重県津市芸濃町椋本字一ツ谷３０８３
ザ・ビッグエクスプレス小俣店,三重県伊勢市小俣町宮前２９６-１
ザ・ビッグエクスプレス神田久志本店,三重県伊勢市楠部町１５６-２
ザ・ビッグエクスプレス松阪高町店,三重県松阪市高町３３２
ザ・ビッグエクストラ鈴鹿玉垣店,三重県鈴鹿市南玉垣町５５２０-１０６
ザ・ビッグエクスプレス鈴鹿ユーズ店,三重県鈴鹿市江島町字鬼黒２３１
ザ・ビッグエクスプレス夏見橋店,三重県名張市夏見字上之出２４５２
ザ・ビッグエクストラ亀山店,三重県亀山市田村町字若宮１１０３
ザ・ビッグ菰野店,三重県三重郡菰野町宿野３５７
ザ・ビッグエクストラ玉城店,三重県度会郡玉城町世古字小垣内３３５-２
ザ・ビッグエクストラ彦根店,滋賀県彦根市古沢町２５５-１
ザ・ビッグ高月店,滋賀県長浜市高月町東物部４５-１
ザ・ビッグエクスプレス甲南店,滋賀県甲賀市甲南町野尻５５８
ザ・ビッグエクストラ湖南店,滋賀県湖南市岩根４５８０
ザ・ビッグ豊郷店,滋賀県犬上郡豊郷町高野瀬１９７-１
ザ・ビッグ篠山店,兵庫県丹波篠山市東岡屋字桑ノ木ノ坪１４１
ザ・ビッグエクストラ氷上店,兵庫県丹波市氷上町石生１７８３-６
ザ・ビッグエクストラ大安寺店,奈良県奈良市南京終町１-１２８-１
ザ・ビッグエクストラ天理店,奈良県天理市東井戸堂町３８１
ザ・ビッグエクストラ香芝店,奈良県香芝市畑２丁目１５２８番地
ザ・ビッグエクストラ平群店,奈良県生駒郡平群町三里１１０
ザ・ビッグ淀江店,鳥取県米子市淀江町中間１０９１番地１
ザ・ビッグ境港店,鳥取県境港市清水町７９０番地
ザ・ビッグ東出雲店,島根県松江市東出雲町揖屋７９８-４
ザ・ビッグ奥田南店,岡山県岡山市北区奥田南町７-１１
ザ・ビッグ平島店,岡山県岡山市東区東平島１００１-１
ザ・ビッグ倉敷店,岡山県倉敷市笹沖１３３９-１
ザ・ビッグ連島店,岡山県倉敷市連島町鶴新田１１４０-１
ザ・ビッグ津山平福店,岡山県津山市平福４３２番地１
ザ・ビッグ笠岡店,岡山県笠岡市入江４５-１
ザ・ビッグ鴨方店,岡山県浅口市鴨方町鴨方９５０-２
ザ・ビッグ和気店,岡山県和気郡和気町福富４４２-１
ザ・ビッグ戸坂店,広島県広島市東区戸坂山崎町８-１３
ザ・ビッグ安古市店,広島県広島市安佐南区大町東３-３２-８
ザ・ビッグ五日市店,広島県広島市佐伯区八幡２-２４-３２
ザ・ビッグ焼山店,広島県呉市焼山北１-２１-１
ザ・ビッグ神辺店,広島県福山市神辺町大字新湯野２-３０-４
ザ・ビッグ大門店,広島県福山市大門町２-１０-６
ザ・ビッグ庄原店,広島県庄原市板橋町字宮之脇１５０-１
ザ・ビッグ宮内店,広島県廿日市市宮内字北山１２６８-１
ザ・ビッグ綾羅木店,山口県下関市綾羅木新町３丁目２番１号
ザ・ビッグ東岐波店,山口県宇部市東岐波２５１
ザ・ビッグ小郡店,山口県山口市小郡下郷７６３-２
ザ・ビッグ大内店,山口県山口市大内長野５８１
ザ・ビッグエクストラ萩店,山口県萩市椿字田村２２８３-１
ザ・ビッグ防府店,山口県防府市警固町１-１-５５
ザ・ビッグ周東店,山口県岩国市周東町下久原４３６
ザ・ビッグ岩国店,山口県岩国市三笠町３-２-２
ザ・ビッグ美祢店,山口県美祢市大嶺町東分３４６９-１
ザ・ビッグ徳山西店,山口県周南市都町３-２１
ザ・ビッグイオンタウン周南店,山口県周南市古市１-４-１
ザ・ビッグエクストラ阿南店,徳島県阿南市領家町天神前４３２-１
ザ・ビッグ鴨島店,徳島県吉野川市鴨島町上下島宇野神ノ元９２-３
ザ・ビッグ北島店,徳島県板野郡北島町高房川ノ上２-１
ザ・ビッグ上板店,徳島県板野郡上板町椎本中ノ内３
ザ・ビッグ国分寺店,香川県高松市国分寺町新名６５４-３
ザ・ビッグ丸亀城南店,香川県丸亀市田村町９６５
ザ・ビッグ寒川店,香川県さぬき市寒川町石田東甲１３７５
ザ・ビッグ多度津店,香川県仲多度郡多度津町北鴨２-１０-１
ザ・ビッグ松山山越店,愛媛県松山市山越３丁目１３-１８
ザ・ビッグ今治ワールドプラザ店,愛媛県今治市東村１-１４-２
ザ・ビッグ松神子店,愛媛県新居浜市松神子３-３-５
ザ・ビッグエクスプレス小倉足立店,福岡県北九州市小倉北区明和町１-７
ザ・ビッグ小倉原町店,福岡県北九州市小倉北区原町２-６-１４
ザ・ビッグ八幡西店,福岡県北九州市八幡西区八枝３丁目２-３２
ザ・ビッグ土井店,福岡県福岡市東区青葉７-６１-２
ザ・ビッグ南福岡店,福岡県福岡市博多区三筑１-１１-１
ザ・ビッグ福岡空港南店,福岡県福岡市博多区板付１-１０-１６
ザ・ビッグ大牟田店,福岡県大牟田市馬渡町１番１６号
ザ・ビッグ十三部店,福岡県久留米市野中町３８９-１
ザ・ビッグエクスプレス北野店,福岡県久留米市北野町高良１０５０
ザ・ビッグ久留米すわの店,福岡県久留米市諏訪野町１９０３番１号
ザ・ビッグ田主丸店,福岡県久留米市田主丸町豊城字下ツブロ１８９５
ザ・ビッグ福岡空港東店,福岡県糟屋郡志免町別府３-６-１
ザ・ビッグエクスプレス粕屋店,福岡県糟屋郡粕屋町長者原西３-７-１
ザ・ビッグ多布施店,佐賀県佐賀市多布施１-６-５０
ザ・ビッグ唐津店,佐賀県唐津市和多田西山１番３号
ザ・ビッグ鳥栖店,佐賀県鳥栖市宿町字野添１１５６-１
ザ・ビッグ鳥栖蔵上店,佐賀県鳥栖市蔵上町４-３-３
ザ・ビッグ武雄店,佐賀県武雄市朝日町大字甘久１３０８
ザ・ビッグ三日月店,佐賀県小城市三日月町久米１２９５-２
ザ・ビッグ中原店,佐賀県三養基郡みやき町原古賀５３５-１
ザ・ビッグ江北店,佐賀県杵島郡江北町山口三本松二１２２３
ザ・ビッグ白石店,佐賀県杵島郡白石町戸ケ里２２６２
ザ・ビッグ桜木店,熊本県熊本市東区花立３-４-１
ザ・ビッグエクスプレス新土河原店,熊本県熊本市西区新土河原１-２-２０
ザ・ビッグエクスプレス川尻店,熊本県熊本市南区八幡７-５-１
ザ・ビッグ熊本南店,熊本県熊本市南区十禅寺３-４-１１
ザ・ビッグ山鹿店,熊本県山鹿市方保田鳥越３４６２-１
ザ・ビッグ菊陽店,熊本県菊池郡菊陽町大字津久礼２７４７-３
ザ・ビッグ豊後高田店,大分県豊後高田市高田２２６８
ザ・ビッグ宇佐店,大分県宇佐市大字法鏡寺１３１
ザ・ビッグエクスプレス小禄店,沖縄県那覇市小禄３-７-２
ザ・ビッグエクスプレスはにんす宜野湾店,沖縄県宜野湾市大山７-６-１
ザ・ビッグエクスプレス名護店,沖縄県名護市大北５丁目２-１４
ザ・ビッグ田場店,沖縄県うるま市田場１９５３-１
ザ・ビッグエクスプレス佐敷店,沖縄県南城市佐敷字津波古１１８９
ザ・ビッグエクスプレス新もとぶ店,沖縄県国頭郡本部町大浜８５１-１
ザ・ビッグ都屋店,沖縄県中頭郡読谷村座喜味３１７１
ザ・ビッグエクスプレス西原店,沖縄県中頭郡西原町字小橋川８８-４
ザ・ビッグエクスプレスつかざん店,沖縄県島尻郡南風原町字津嘉山１５１３-２